Name,Price,Old Price,Rating
,,,3.7 out of 5 stars.
Check each product page for other buying options.,,,
"Samsung Galaxy M16 5G (Blush Pink, 8GB RAM, 128 GB Storage) | MediaTek Dimensity 6300 | AnTuTu Score 422K+ | Super Amoled Display | 25W Fast Charging | 6 Gen. of OS Upgrades | Without Charger",,"₹18,999₹18,999",3.6 out of 5 stars
"Samsung Galaxy M06 5G (Sage Green, 6GB RAM, 128 GB Storage) | MediaTek Dimensity 6300 | AnTuTu Score 422K+ | 12 5G Bands| 25W Fast Charging | 4 Gen. of OS Upgrades | Without Charger",,"₹15,499₹15,499",3.7 out of 5 stars
"Samsung Galaxy M05 (Mint Green, 4GB RAM, 64 GB Storage) | 50MP Dual Camera | Bigger 6.7"" HD+ Display | 5000mAh Battery | 25W Fast Charging | 2 Gen OS Upgrade & 4 Year Security Update | Without Charger",,"₹9,999₹9,999",4.0 out of 5 stars
"Samsung Galaxy A05 (Black, 6GB, 128GB Storage) | 50 MP Main Camera | Upto 12GB RAM with RAM Plus | MediaTek Helio G85 | 5000 mAh Battery",,"₹14,999₹14,999",3.8 out of 5 stars
"Samsung Galaxy A35 5G (Awesome Lilac, 8GB RAM, 128GB Storage) | Premium Glass Back | 50 MP Main Camera (OIS) | Nightography | IP67 | Corning Gorilla Glass Victus+ | sAMOLED with Vision Booster",,"₹33,999₹33,999",4.1 out of 5 stars
"Samsung Galaxy M35 5G (Daybreak Blue,8GB RAM,256GB Storage)| Corning Gorilla Glass Victus+| AnTuTu Score 595K+ | Vapour Cooling Chamber | 6000mAh Battery | 120Hz Super AMOLED Display| Without Charger",,"₹27,499₹27,499",4.1 out of 5 stars
"Samsung Galaxy S24 FE 5G AI Smartphone (Graphite, 8GB RAM, 128GB Storage)",,"₹59,999₹59,999",4.1 out of 5 stars
"Samsung Galaxy M35 5G (Thunder Grey,6GB RAM,128GB Storage)| Corning Gorilla Glass Victus+| AnTuTu Score 595K+ | Vapour Cooling Chamber | 6000mAh Battery | 120Hz Super AMOLED Display| Without Charger",,"₹24,499₹24,499",4.1 out of 5 stars
"Samsung Galaxy M06 5G (Sage Green, 6GB RAM, 128 GB Storage) | MediaTek Dimensity 6300 | AnTuTu Score 422K+ | 12 5G Bands| 25W Fast Charging | 4 Gen. of OS Upgrades | Without Charger",,"₹15,499₹15,499",3.7 out of 5 stars
"Samsung Galaxy S24 FE 5G AI Smartphone (Blue, 8GB RAM, 128GB Storage)",,"₹59,999₹59,999",3.8 out of 5 stars
"Samsung Galaxy M35 5G (Thunder Grey,6GB RAM,128GB Storage)| Corning Gorilla Glass Victus+| AnTuTu Score 595K+ | Vapour Cooling Chamber | 6000mAh Battery | 120Hz Super AMOLED Display| Without Charger",,"₹24,499₹24,499",4.1 out of 5 stars
"Lava O3 (Glossy Blue, 3 GB RAM, 64 GB Storage) | Biggest 6.75"" HD+ Display | 13MP AI Dual Rear Camera | 5000 mAh Battery | Secure Face Unlock | Fingerprint Reader | Charger & Phone-Cover in Box",,"₹6,699₹6,699",3.8 out of 5 stars
"Samsung Galaxy S25 Ultra 5G AI Smartphone (Titanium Black, 12GB RAM, 512GB Storage), 200MP Camera, S Pen Included, Long Battery Life",,,4.2 out of 5 stars
"Samsung Galaxy A55 5G (Awesome Navy, 8GB RAM, 128GB Storage) Without Offer",,"₹42,999₹42,999",3.9 out of 5 stars
"Samsung Galaxy A05 (Light Green, 6GB, 128GB Storage) | 50 MP Main Camera | Upto 12GB RAM with RAM Plus | MediaTek Helio G85 | 5000 mAh Battery",,"₹14,999₹14,999",3.8 out of 5 stars
"Samsung Galaxy S25 Ultra 5G AI Smartphone (Titanium Silverblue, 12GB RAM, 512GB Storage), 200MP Camera, S Pen Included, Long Battery Life",,"₹1,41,999₹1,41,999",4.2 out of 5 stars
More results,,,
"Samsung Galaxy A23 5G, Silver (8GB, 128GB Storage) with Offer",,"₹30,990₹30,990",4.0 out of 5 stars
"Samsung Galaxy M35 5G (Thunder Grey,8GB RAM,128GB Storage)| Corning Gorilla Glass Victus+| AnTuTu Score 595K+ | Vapour Cooling Chamber | 6000mAh Battery | 120Hz Super AMOLED Display| Without Charger",,"₹25,999₹25,999",4.1 out of 5 stars
"Samsung Galaxy A55 5G (Awesome Navy, 12GB RAM, 256GB Storage) | Metal Frame | 50 MP Main Camera (OIS) | Nightography | IP67 | Corning Gorilla Glass Victus+ | sAMOLED with Vision Booster",,"₹48,999₹48,999",4.2 out of 5 stars
"Samsung Galaxy A14 5G (Dark Red, 4GB, 128GB Storage) | Triple Rear Camera (50 MP Main) | Upto 8 GB RAM with RAM Plus | Without Charger",,"₹17,499₹17,499",3.9 out of 5 stars
"Samsung Galaxy M16 5G (Thunder Black, 8GB RAM, 128 GB Storage) | MediaTek Dimensity 6300 | AnTuTu Score 422K+ | Super Amoled Display | 25W Fast Charging | 6 Gen. of OS Upgrades | Without Charger",,"₹18,999₹18,999",3.6 out of 5 stars
"IKALL K130 Feature Phone (1.8” Display, Dual Sim) (Blue)",,₹999₹999,3.4 out of 5 stars
"45W Car Charger Dual Port Output Fast Charging Type C PD 27W + 18W QC 3.0 USB Adapter for 15/15 Plus/15 Pro/15 Pro Max, iPhone 14/14 Plus/14 Pro/Max, iPhone 13/12/11 Series -Black",,"₹3,499₹3,499",4.4 out of 5 stars
Related searches,,,
,,,
,,,
Need help?,,,
,,,
,,,
,,,
,,,
Check each product page for other buying options.,,,
"Samsung Galaxy M16 5G (Blush Pink, 8GB RAM, 128 GB Storage) | MediaTek Dimensity 6300 | AnTuTu Score 422K+ | Super Amoled Display | 25W Fast Charging | 6 Gen. of OS Upgrades | Without Charger",,"₹18,999₹18,999",3.6 out of 5 stars
"Samsung Galaxy M06 5G (Sage Green, 6GB RAM, 128 GB Storage) | MediaTek Dimensity 6300 | AnTuTu Score 422K+ | 12 5G Bands| 25W Fast Charging | 4 Gen. of OS Upgrades | Without Charger",,"₹15,499₹15,499",3.7 out of 5 stars
"Samsung Galaxy A35 5G (Awesome Navy, 8GB RAM, 256GB Storage) | Premium Glass Back | 50 MP Main Camera (OIS) | Nightography | IP67 | Corning Gorilla Glass Victus+ | sAMOLED with Vision Booster",,"₹36,999₹36,999",4.2 out of 5 stars
"Samsung Galaxy A35 5G (Awesome Navy, 8GB RAM, 128GB Storage) with Other Offers",,"₹33,999₹33,999",3.7 out of 5 stars
"Samsung Galaxy M35 5G (Daybreak Blue,6GB RAM,128GB Storage)| Corning Gorilla Glass Victus+| AnTuTu Score 595K+ | Vapour Cooling Chamber | 6000mAh Battery | 120Hz Super AMOLED Display| Without Charger",,"₹24,499₹24,499",4.1 out of 5 stars
,,,Previous page
More results,,,
"Samsung Galaxy M16 5G (Mint Green, 6GB RAM, 128 GB Storage) | MediaTek Dimensity 6300 | AnTuTu Score 422K+ | Super Amoled Display | 25W Fast Charging | 6 Gen. of OS Upgrades | Without Charger",,"₹17,499₹17,499",3.6 out of 5 stars
"Samsung Galaxy F05 (Twilight Blue, 64 GB) (4 GB RAM)",,"₹9,999₹9,999",3.8 out of 5 stars
"Samsung Galaxy S24 5G AI Smartphone (Amber Yellow, 8GB, 256GB Storage)",,"₹79,999₹79,999",4.2 out of 5 stars
"Samsung Galaxy M35 5G (Daybreak Blue,8GB RAM,128GB Storage)| Corning Gorilla Glass Victus+| AnTuTu Score 595K+ | Vapour Cooling Chamber | 6000mAh Battery | 120Hz Super AMOLED Display| Without Charger",,"₹25,999₹25,999",4.1 out of 5 stars
"Samsung Galaxy M06 5G (Sage Green, 4GB RAM, 128 GB Storage) | MediaTek Dimensity 6300 | AnTuTu Score 422K+ | 12 5G Bands| 25W Fast Charging | 4 Gen. of OS Upgrades | Without Charger",,"₹13,999₹13,999",3.7 out of 5 stars
"Samsung Galaxy M35 5G (Daybreak Blue,8GB RAM,256GB Storage)| Corning Gorilla Glass Victus+| AnTuTu Score 595K+ | Vapour Cooling Chamber | 6000mAh Battery | 120Hz Super AMOLED Display| Without Charger",,"₹27,499₹27,499",4.1 out of 5 stars
"Samsung Galaxy M15 5G (Celestial Blue,6GB RAM,128GB Storage)| 50MP Triple Cam| 6000mAh Battery|MediaTek Dimensity 6100+| 4 Gen. OS Upgrade & 5 Year Security Update|Super AMOLED Display|Without Charger",,"₹16,999₹16,999",3.9 out of 5 stars
"Samsung Galaxy F15 5G (Ash Black, 6GB RAM, 128 GB Storage)",,"₹16,999₹16,999",4.0 out of 5 stars
"Samsung Galaxy F15 5G (Groovy Violet, 6GB RAM, 128 GB Storage)",,"₹16,999₹16,999",4.1 out of 5 stars
"Samsung Galaxy S24 5G AI Smartphone (Onyx Black, 8GB, 256GB Storage)",,"₹79,999₹79,999",4.2 out of 5 stars
"Samsung Galaxy Z Flip5 (Cream, 8GB RAM, 512GB Storage) Without Offer",,"₹88,999₹88,999",5.0 out of 5 stars
"Samsung Galaxy S24 FE 5G AI Smartphone (Mint, 8GB RAM, 128GB Storage)",,"₹59,999₹59,999",3.8 out of 5 stars
"Samsung Galaxy M14 4G (Sapphire Blue,4GB,64GB) | 50MP Triple Cam | 5000mAh Battery | Snapdragon 680 Processor | 2 Gen. OS Upgrade & 4 Year Security Update | 8GB RAM with RAM Plus | Without Charger",,"₹13,999₹13,999",4.0 out of 5 stars
"Samsung Galaxy A56 5G (Awesome Graphite, 12GB, 256GB) | Awesome Intelligence: Circle to Search, Intelligent Editing | Awesome 6 OS & 6 Years Security Updates | IP67",,"₹52,999₹52,999",4.7 out of 5 stars
"Samsung Galaxy A36 5G (Awesome Lavender, 8GB, 128GB) | Awesome Intelligence: Circle to Search, Intelligent Editing | Awesome 4nm Snapdragon Processor | Flagship Grade Selfie Camera",,"₹35,999₹35,999",3.8 out of 5 stars
"IKALL K130 Feature Phone (1.8” Display, Dual Sim) (Blue)",,₹999₹999,3.4 out of 5 stars
"Kratos C Type Earphones Wired, 13mm Bass Drivers Earphone, Inline Control Type c Headphones with Mic, IPX5 Water Resistant, Comfort Fit Type c Earphone with Volume Control, Metallic c pin Earphones",,"₹1,199₹1,199",4.4 out of 5 stars
Related searches,,,
,,,
,,,
Need help?,,,
,,,
,,,
,,,
,,,
Check each product page for other buying options.,,,
"Samsung Galaxy M16 5G (Thunder Black, 8GB RAM, 128 GB Storage) | MediaTek Dimensity 6300 | AnTuTu Score 422K+ | Super Amoled Display | 25W Fast Charging | 6 Gen. of OS Upgrades | Without Charger",,"₹18,999₹18,999",3.6 out of 5 stars
"Samsung Galaxy M06 5G (Blazing Black, 6GB RAM, 128 GB Storage) | MediaTek Dimensity 6300 | AnTuTu Score 422K+ | 12 5G Bands | 25W Fast Charging | 4 Gen. of OS Upgrades | Without Charger",,"₹15,499₹15,499",3.7 out of 5 stars
"Samsung Galaxy A35 5G (Awesome Iceblue, 8GB RAM, 128GB Storage) with Other Offers",,"₹33,999₹33,999",3.7 out of 5 stars
"Samsung Galaxy M16 5G (Mint Green, 8GB RAM, 128 GB Storage) | MediaTek Dimensity 6300 | AnTuTu Score 422K+ | Super Amoled Display | 25W Fast Charging | 6 Gen. of OS Upgrades | Without Charger",,"₹18,999₹18,999",3.6 out of 5 stars
"Samsung Galaxy F55 5G (Raisin Black, 256 GB) (8 GB RAM)",,"₹34,999₹34,999",3.6 out of 5 stars
,,,Previous page
More results,,,
"Samsung Galaxy A35 5G (Awesome Iceblue, 8GB RAM, 256GB Storage) | Premium Glass Back | 50 MP Main Camera (OIS) | Nightography | IP67 | Corning Gorilla Glass Victus+ | sAMOLED with Vision Booster",,"₹36,999₹36,999",4.0 out of 5 stars
"OnePlus Nord 4 5G (Obsidian Midnight, 8GB RAM, 256GB Storage)",,"₹32,999₹32,999",4.2 out of 5 stars
"Samsung Galaxy A23 5G, Light Blue (8GB, 128GB Storage) with Offer",,"₹30,990₹30,990",4.0 out of 5 stars
"Samsung Galaxy M35 5G (Moonlight Blue,6GB RAM,128GB Storage)| Corning Gorilla Glass Victus+| AnTuTu Score 595K+ | Vapour Cooling Chamber | 6000mAh Battery | 120Hz Super AMOLED Display| Without Charger",,"₹24,499₹24,499",4.1 out of 5 stars
"Samsung Galaxy A36 5G (Awesome Lavender, 8GB, 256GB) | Awesome Intelligence: Circle to Search, Intelligent Editing | Awesome 4nm Snapdragon Processor | Flagship Grade Selfie Camera",,"₹38,999₹38,999",3.8 out of 5 stars
"Samsung Galaxy M35 5G (Moonlight Blue,6GB RAM,128GB Storage)| Corning Gorilla Glass Victus+| AnTuTu Score 595K+ | Vapour Cooling Chamber | 6000mAh Battery | 120Hz Super AMOLED Display| Without Charger",,"₹24,499₹24,499",4.1 out of 5 stars
"Samsung Galaxy M15 5G (Celestial Blue,6GB RAM,128GB Storage)| 50MP Triple Cam| 6000mAh Battery|MediaTek Dimensity 6100+| 4 Gen. OS Upgrade & 5 Year Security Update|Super AMOLED Display|Without Charger",,"₹16,999₹16,999",3.9 out of 5 stars
"Samsung Galaxy F15 5G (Jazzy Green, 6GB RAM, 128 GB Storage)",,"₹16,999₹16,999",4.0 out of 5 stars
"Samsung Galaxy M06 5G (Blazing Black, 4GB RAM, 128 GB Storage) | MediaTek Dimensity 6300 | AnTuTu Score 422K+ | 12 5G Bands | 25W Fast Charging | 4 Gen. of OS Upgrades | Without Charger",,"₹13,999₹13,999",3.7 out of 5 stars
"Samsung Galaxy F55 5G (Raisin Black, 128 GB) (8 GB RAM)",,"₹34,990₹34,990",3.5 out of 5 stars
"Samsung Galaxy S25 5G AI Smartphone (Silver Shadow, 12GB RAM, 256GB Storage), 50MP Camera with Galaxy AI",,,4.5 out of 5 stars
"Samsung Galaxy A55 5G (Awesome Navy, 8GB RAM, 128GB Storage) | Metal Frame | 50 MP Main Camera (OIS) | Nightography | IP67 | Corning Gorilla Glass Victus+ | sAMOLED with Vision Booster",,"₹42,999₹42,999",4.2 out of 5 stars
"Samsung Galaxy A35 5G (Awesome Iceblue, 8GB RAM, 128GB Storage) | Premium Glass Back | 50 MP Main Camera (OIS) | Nightography | IP67 | Corning Gorilla Glass Victus+ | sAMOLED with Vision Booster",,,4.0 out of 5 stars
"Samsung Galaxy S24 Plus 5G AI Smartphone (Onyx Black, 12GB, 256GB Storage)",,"₹99,999₹99,999",4.1 out of 5 stars
"Samsung Galaxy A26 5G (Awesome Black, 8GB, 128GB) | Awesome Intelligence: Circle to Search, Intelligent Editing | Awesome 50MP Triple Camera | IP67",,"₹27,999₹27,999",3.2 out of 5 stars
"45W Car Charger Dual Port Output Fast Charging Type C PD 27W + 18W QC 3.0 USB Adapter for 15/15 Plus/15 Pro/15 Pro Max, iPhone 14/14 Plus/14 Pro/Max, iPhone 13/12/11 Series -Black",,"₹3,499₹3,499",4.4 out of 5 stars
Related searches,,,
,,,
,,,
Need help?,,,
,,,
,,,
,,,
